rows,index,param,mean,std,recall
300,none,,0.0020288,0.0001704837235632774,1.0
300,vec_hnsw,hnsw.ef_search=10,0.0011455999999999999,0.00010934029449384152,0.975
300,vec_hnsw,hnsw.ef_search=100,0.0019665999999999998,0.00029280761602116823,1.0
300,vec_hnsw,hnsw.ef_search=200,0.0020276,0.00019278563224472918,1.0
300,vec_hnsw,hnsw.ef_search=40,0.0018017999999999999,0.0001577837127209269,1.0
300,vec_ivfflat,ivfflat.probes=1,0.0010068,3.4694379948343265e-05,0.44000000000000006
300,vec_ivfflat,ivfflat.probes=10,0.002127,0.0002042510709886242,1.0
300,vec_ivfflat,ivfflat.probes=20,0.0020426,0.0001932674312966363,1.0
300,vec_ivfflat,ivfflat.probes=5,0.0010766,0.00023448837924298089,0.8949999999999999
30000,none,,0.1021528,0.005619861848835788,1.0
30000,vec_hnsw,hnsw.ef_search=10,0.0014804000000000002,4.0339806643066566e-05,0.905
30000,vec_hnsw,hnsw.ef_search=100,0.0027118,0.00023164347605749666,1.0
30000,vec_hnsw,hnsw.ef_search=200,0.0044670000000000005,0.0004736760496373021,1.0
30000,vec_hnsw,hnsw.ef_search=40,0.0019792,0.00021167238837410993,1.0
30000,vec_ivfflat,ivfflat.probes=1,0.0017871999999999999,6.710216091900475e-05,0.9
30000,vec_ivfflat,ivfflat.probes=10,0.008692,0.0002182235092743217,0.9949999999999999
30000,vec_ivfflat,ivfflat.probes=20,0.0166424,0.0003925822206875902,1.0
30000,vec_ivfflat,ivfflat.probes=5,0.0050314,0.00019983568249939764,0.985
300000,none,,0.6139452,0.004702639971335218,1.0
300000,vec_hnsw,hnsw.ef_search=10,0.001476,0.00027332489824383,0.8
300000,vec_hnsw,hnsw.ef_search=100,0.00321,4.7455242070818704e-05,0.9949999999999999
300000,vec_hnsw,hnsw.ef_search=200,0.0048182,0.00016505665693936747,1.0
300000,vec_hnsw,hnsw.ef_search=40,0.0020997999999999998,0.00012690626462078208,0.96
300000,vec_ivfflat,ivfflat.probes=1,0.0019023999999999998,0.0001351121756171514,0.545
300000,vec_ivfflat,ivfflat.probes=10,0.008776,0.00029686444718086415,0.9549999999999998
300000,vec_ivfflat,ivfflat.probes=20,0.0163426,0.000335719823662529,0.99
300000,vec_ivfflat,ivfflat.probes=5,0.005087599999999999,0.00016595872980955273,0.9200000000000002
