rows,index,mean,std,min,count
300,fts_gin,0.32480000000000003,0.022675096471680097,0.3055,5
300,fts_gin_nofu,0.5826800000000001,0.01862033834279065,0.5625,5
300,fts_gist,0.39986,0.03313009206144771,0.3553,5
300,fts_rum,1.55542,0.1553043045121416,1.3329,5
300,none,0.09853999999999999,0.061102970467891336,0.0629,5
300,trgm_gin,0.40796,0.029641153823695858,0.3795,5
300,trgm_gist,0.30278,0.03278119887984574,0.2593,5
300,vec_hnsw,2.82482,0.06467903060498051,2.7557,5
300,vec_ivfflat,0.08364,0.0021512786895239756,0.0814,5
30000,fts_gin,0.26148,0.02590843491992523,0.2398,5
30000,fts_gin_nofu,0.77396,0.027127716453841058,0.7546,5
30000,fts_gist,0.28292,0.007786976306628904,0.2703,5
30000,fts_rum,1.39656,0.1449259742075244,1.3157,5
30000,none,0.052700000000000004,0.016962016389568787,0.0444,5
30000,trgm_gin,0.3997,0.11042957031520137,0.3238,5
30000,trgm_gist,0.25422,0.023117028355738114,0.2317,5
30000,vec_hnsw,3.69714,0.121145420879206,3.569,5
30000,vec_ivfflat,0.06717999999999999,0.007741898991849483,0.0616,5
300000,fts_gin,0.2727,0.014142135623730963,0.2627,2
300000,fts_gin_nofu,1.00125,0.08874190103891172,0.9385,2
300000,fts_gist,0.32484999999999997,0.03486036431249674,0.3002,2
300000,fts_rum,1.5815000000000001,0.08131727983645289,1.524,2
300000,none,0.06494,0.015073254459472246,0.0488,5
300000,trgm_gin,0.6817,0.0,0.6817,1
300000,trgm_gist,0.3204,0.0,0.3204,1
300000,vec_hnsw,3.1508000000000003,1.6902680497483233,1.9556,2
300000,vec_ivfflat,0.1405,0.029274220741123076,0.1198,2
