rows,index,query,mean,std,min,count
300,fts_gin,fts_conj,0.001043,0.00019828136574070697,0.000785,5
300,fts_gin,fts_high,0.0008366000000000001,0.00010739320276442079,0.000699,5
300,fts_gin,fts_low,0.0009282,0.00021622719532935714,0.000742,5
300,fts_gin,fts_mid,0.0011405999999999999,0.0005328163848831978,0.00069,5
300,fts_gin,fts_phrase,0.011433200000000001,0.001016422992656109,0.009694,5
300,fts_gin,fts_rank_top10,0.0020482,0.0007098061002837324,0.00162,5
300,fts_gist,fts_conj,0.0016822,0.0003115801662493939,0.00136,5
300,fts_gist,fts_high,0.0183082,0.0017894519272671169,0.015312,5
300,fts_gist,fts_low,0.00624,0.0004772892204942408,0.005671,5
300,fts_gist,fts_mid,0.002189,0.0001187076240180049,0.002045,5
300,fts_gist,fts_phrase,0.009903,0.0013164191961529573,0.008528,5
300,fts_gist,fts_rank_top10,0.0026186,0.000626757768200762,0.002001,5
300,fts_rum,fts_conj,0.0012042,0.00027076318065793206,0.000963,5
300,fts_rum,fts_high,0.0011692,9.93287470977058e-05,0.001042,5
300,fts_rum,fts_low,0.0010256,6.36576782485821e-05,0.000925,5
300,fts_rum,fts_mid,0.0011995999999999999,0.0005648666214249166,0.000834,5
300,fts_rum,fts_phrase,0.0009356,0.00019871285816473966,0.000746,5
300,fts_rum,fts_rank_top10,0.00143,0.00022139331516556686,0.001175,5
300,fts_rum,fts_rum_dist_top10,0.001866,0.0006312428217413646,0.001421,5
300,none,fts_conj,0.0619684,0.003258271136661279,0.056471,5
300,none,fts_high,0.0756278,0.0015215274233480007,0.073897,5
300,none,fts_low,0.0679384,0.007487325644046739,0.059571,5
300,none,fts_mid,0.07227940000000001,0.0029055672079647335,0.068704,5
300,none,fts_phrase,0.06296460000000001,0.003420777075461074,0.056958,5
300,none,fts_rank_top10,0.0631862,0.003148472280328979,0.0608,5
300,none,fts_rum_dist_top10,0.063905,0.005380711384194471,0.056648,5
30000,fts_gin,fts_conj,0.0007542,8.281726873062162e-05,0.000696,5
30000,fts_gin,fts_high,0.004815600000000001,0.0006866857359811694,0.004296,5
30000,fts_gin,fts_low,0.0005941999999999999,8.737963149384415e-05,0.000502,5
30000,fts_gin,fts_mid,0.0011178,7.977906993692024e-05,0.001056,5
30000,fts_gin,fts_phrase,0.6832532,0.0128979226118007,0.66676,5
30000,fts_gin,fts_rank_top10,0.113205,0.008942155416900332,0.102951,5
30000,fts_gist,fts_conj,0.07779559999999999,0.0029808074912680924,0.0729,5
30000,fts_gist,fts_high,1.0718296,0.014817444948438242,1.05739,5
30000,fts_gist,fts_low,0.29724659999999997,0.009677562286030533,0.284058,5
30000,fts_gist,fts_mid,0.222783,0.0035541292182474102,0.219067,5
30000,fts_gist,fts_phrase,0.7486656,0.02270015406996175,0.726059,5
30000,fts_gist,fts_rank_top10,0.3334074,0.007022423249847587,0.325991,5
30000,fts_rum,fts_conj,0.0168276,0.0014470173806834527,0.014989,5
30000,fts_rum,fts_high,0.03064,0.002725251181084048,0.026597,5
30000,fts_rum,fts_low,0.0158054,0.0011334479696924785,0.014407,5
30000,fts_rum,fts_mid,0.0276484,0.0015155970110817705,0.025513,5
30000,fts_rum,fts_phrase,0.0350264,0.0030149275779029917,0.032252,5
30000,fts_rum,fts_rank_top10,0.15218720000000002,0.0028230598116228424,0.149337,5
30000,fts_rum,fts_rum_dist_top10,0.0326284,0.0014925941511341931,0.030949,5
30000,none,fts_conj,2.3152182,0.029184922506321646,2.288359,5
30000,none,fts_high,2.5552314,0.042385878500982084,2.499237,5
30000,none,fts_low,2.4485114,0.033455165569759075,2.39586,5
30000,none,fts_mid,2.4771396,0.024542207659458727,2.452868,5
30000,none,fts_phrase,2.3404416,0.048587233799631036,2.28809,5
30000,none,fts_rank_top10,2.3376316,0.012900048693706758,2.317529,5
30000,none,fts_rum_dist_top10,5.4564394,0.03423851358923183,5.429855,5
300000,fts_gin,fts_conj,0.0023648000000000002,0.00035879827201367614,0.001909,5
300000,fts_gin,fts_high,0.12383799999999998,0.05487740704971399,0.078787,5
300000,fts_gin,fts_low,0.0008656,0.00013758197556366166,0.000722,5
300000,fts_gin,fts_mid,0.005552,0.0007033366903553376,0.004898,5
300000,fts_gin,fts_phrase,6.9894532,0.2229318320040906,6.837472,5
300000,fts_gin,fts_rank_top10,1.091198,0.05059507232922981,1.059274,5
300000,fts_gist,fts_conj,0.8216110000000001,0.013292517707341963,0.805387,5
300000,fts_gist,fts_high,10.698027,0.09858293818151269,10.580825,5
300000,fts_gist,fts_low,3.0571908,0.028302309317439073,3.035632,5
300000,fts_gist,fts_mid,2.342825,0.018340151975924292,2.318227,5
300000,fts_gist,fts_phrase,7.2792460000000005,0.10907049181148866,7.140576,5
300000,fts_gist,fts_rank_top10,3.4051986,0.14071576283700407,3.288155,5
300000,fts_rum,fts_conj,0.0262936,0.0023104578117767055,0.023004,5
300000,fts_rum,fts_high,0.06836919999999999,0.002159630570259645,0.066049,5
300000,fts_rum,fts_low,0.021137,0.0017347756339077393,0.019452,5
300000,fts_rum,fts_mid,0.029732799999999997,0.0011991916860952631,0.027826,5
300000,fts_rum,fts_phrase,0.091598,0.006815352448699918,0.084923,5
300000,fts_rum,fts_rank_top10,1.1237434,0.0680793004576281,1.076759,5
300000,fts_rum,fts_rum_dist_top10,0.0279352,0.0027341021743892448,0.024287,5
300000,none,fts_conj,22.8070726,0.37417435061385484,22.453367,5
300000,none,fts_high,22.6214954,0.2071664785536021,22.45528,5
300000,none,fts_low,22.7010256,0.2646049031524173,22.353589,5
300000,none,fts_mid,22.858363399999998,0.4569130255117496,22.564279,5
300000,none,fts_phrase,22.5666486,0.10368311078136135,22.435205,5
300000,none,fts_rank_top10,23.0493066,0.15709311622187658,22.893501,5
300000,none,fts_rum_dist_top10,55.951386400000004,0.9552526393000994,55.113749,5
